ticker,date,price,log_return,simple_return
SPY,2022-01-03,450.577268265127,,
SPY,2022-01-04,450.42635586446,-0.0003349873364255629,-0.00033493123443187746
SPY,2022-01-05,441.777188901258,-0.019388934217042575,-0.01920217778243122
SPY,2022-01-06,441.362179799425,-0.0009398496932417899,-0.0009394081728510255
SPY,2022-01-07,439.617255166718,-0.0039613340453916734,-0.003953498311749286
SPY,2022-01-10,439.070197714302,-0.0012451697615674107,-0.0012443948593612577
SPY,2022-01-11,443.069376331966,0.009067059530073251,0.00910828983265722
SPY,2022-01-12,444.267243512256,0.002699917666330265,0.0027035657264485057
SPY,2022-01-13,438.145859260219,-0.013874414215683473,-0.013778608127043061
SPY,2022-01-14,438.325067736011,0.0004089319400550906,0.0004090155641196224
SPY,2022-01-18,430.562511126725,-0.017868279694227773,-0.01770958856946136
SPY,2022-01-19,426.091731256978,-0.010437864517712114,-0.010383579048829758
SPY,2022-01-20,421.375718736148,-0.011129775432801026,-0.011068068622025829
SPY,2022-01-21,413.103832774613,-0.01982590680609153,-0.019630665920535764
SPY,2022-01-24,414.858189432361,0.004237777183488944,0.004246769258868457
SPY,2022-01-25,409.79319198499,-0.012284126974366316,-0.01220898508548488
SPY,2022-01-26,408.765101255449,-0.0025119561517579214,-0.002508803829954006
SPY,2022-01-27,406.746647896534,-0.00495016161989259,-0.004937929761409859
SPY,2022-01-28,416.848346716152,0.024531973836040777,0.024835358501067707
SPY,2022-01-31,424.356238649313,0.017850809254740696,0.018011087227061608
SPY,2022-02-01,427.223574261977,0.006734181353597712,0.006756906936941544
SPY,2022-02-02,431.373665280308,0.009667217987077592,0.009714096478641746
SPY,2022-02-03,421.234238360523,-0.023785622696317787,-0.023504974308518195
SPY,2022-02-04,423.214963619272,0.004691173575881891,0.004702194357367804
SPY,2022-02-07,421.856752013273,-0.0032144319833671275,-0.0032092712279919145
SPY,2022-02-08,425.327737228604,0.008194211959795972,0.00822787640298756
SPY,2022-02-09,431.552873756099,0.014530019629270363,0.014636093493590192
SPY,2022-02-10,423.799749171855,-0.018128983814268196,-0.017965642348209326
SPY,2022-02-11,415.442974984944,-0.019915693422625225,-0.019718686014422983
SPY,2022-02-14,414.084763378945,-0.003274665226751239,-0.0032693093583979777
SPY,2022-02-15,420.76263710844,0.015998172010225353,0.016126827934945798
SPY,2022-02-16,421.234238360523,0.001120197271838208,0.0011208249271464586
SPY,2022-02-17,412.23608647078,-0.021592853964049752,-0.021361397223465407
SPY,2022-02-18,409.56682338399,-0.006496137800535706,-0.006475083512561815
SPY,2022-02-22,405.171499714577,-0.010789639287446029,-0.010731639914330108
SPY,2022-02-23,397.984296632832,-0.01789788475004972,-0.017738668901460298
SPY,2022-02-24,403.973632534286,0.01493706101735004,0.015049176442706704
SPY,2022-02-25,412.886896198654,0.02182408654463508,0.022063973850103842
SPY,2022-02-28,411.830509393989,-0.002561816630153757,-0.0025585379782958515
SPY,2022-03-01,405.558212741285,-0.015347458557804394,-0.015230286512608668
SPY,2022-03-02,413.018944549238,0.018229041304612892,0.018396204474627063
SPY,2022-03-03,410.962763090156,-0.004990852850419003,-0.004978419237708493
SPY,2022-03-04,407.623826225408,-0.008157855077673304,-0.008124670078723212
SPY,2022-03-07,395.607426322334,-0.029922382686679683,-0.02947914015317926
SPY,2022-03-08,392.608042359086,-0.007610605373189472,-0.007581718045919895
SPY,2022-03-09,403.134182305578,0.026457698602595947,0.026810810810810118
SPY,2022-03-10,401.313801472538,-0.004525796513785707,-0.004515570529467433
SPY,2022-03-11,396.211075925,-0.012796579326729507,-0.012715051236251045
SPY,2022-03-14,393.31544423721,-0.007335142257934635,-0.007308305758565225
SPY,2022-03-15,401.964611200412,0.021752105899756735,0.021990407673861
SPY,2022-03-16,410.877874864781,0.02193197598852592,0.02217424971255751
SPY,2022-03-17,416.018328512485,0.01243328932219434,0.012510903998896832
SPY,2022-03-18,420.560800261371,0.010859741141528545,0.010918922166549843
SPY,2022-03-21,420.437807136126,-0.0002924930553742655,-0.0002924502834514075
SPY,2022-03-22,425.357532145933,0.011633501077172426,0.01170143342559611
SPY,2022-03-23,419.879607567706,-0.012962045840748893,-0.01287840032029255
SPY,2022-03-24,426.209023013014,0.014961868745259288,0.015074357818835975
SPY,2022-03-25,428.290445132548,0.004871685270061654,0.004883571222447816
SPY,2022-03-28,431.336890234774,0.0070878570998083035,0.0071130354105452855
SPY,2022-03-29,436.672899668487,0.012294968822536667,0.012370862670263712
SPY,2022-03-30,433.976511922728,-0.006193988833033792,-0.006174845628858702
SPY,2022-03-31,427.297039120952,-0.015510999290805572,-0.015391323304993335
SPY,2022-04-01,428.508048354135,0.002830107133517501,0.0028341156673454366
SPY,2022-04-04,432.178920092222,0.008530148895962597,0.00856663428420192
SPY,2022-04-05,426.719917533264,-0.012711802204394829,-0.012631348511382978
SPY,2022-04-06,422.45300218822,-0.010049663990874258,-0.009999334855775397
SPY,2022-04-07,424.581729355925,0.005026314907948581,0.005038968019350374
SPY,2022-04-08,423.446408199815,-0.002677556991614871,-0.0026739755331258944
SPY,2022-04-11,416.20873582962,-0.017240057863304514,-0.01709229841141942
SPY,2022-04-12,414.666591259238,-0.0037121004582987283,-0.0037052191307520867
SPY,2022-04-13,419.416018095628,0.011388507842390538,0.011453603778320283
SPY,2022-04-14,414.193540777526,-0.012529956235887596,-0.01245178317655778
SPY,2022-04-18,414.363838950942,0.00041107153223318704,0.00041115603371396
SPY,2022-04-19,421.052772762352,0.016013750887039713,0.0161426581729346
SPY,2022-04-20,420.740559444422,-0.0007417814332821848,-0.0007415063814488159
SPY,2022-04-21,414.44898803765,-0.015066497037707016,-0.014953565244767144
SPY,2022-04-22,403.07685445729,-0.02782264872108442,-0.027439163584896797
SPY,2022-04-25,405.413723836948,0.005780836413431523,0.005797577692235466
SPY,2022-04-26,393.672610880853,-0.02938845899949971,-0.02896081771720475
SPY,2022-04-27,394.779549008059,0.002807878298252575,0.0028118240807488027
SPY,2022-04-28,404.751453162551,0.024945677497025365,0.025259424353535672
SPY,2022-04-29,389.793596930813,-0.03765582243464749,-0.03695565788550934
SPY,2022-05-02,392.139927320105,0.006001373157006107,0.006019417475727473
SPY,2022-05-03,393.937519150611,0.004573582341094173,0.004584057131827405
SPY,2022-05-04,405.934079366832,0.02999846444073384,0.030452951630724045
SPY,2022-05-05,391.506039674611,-0.03618983800502207,-0.03554281452477606
SPY,2022-05-06,389.169170294953,-0.0059868081620244595,-0.005968922935646641
SPY,2022-05-09,376.709020606655,-0.03254107335496048,-0.03201730928185917
SPY,2022-05-10,377.579433493005,0.0023079055975694374,0.0023105708616913906
SPY,2022-05-11,371.581153384895,-0.016013678228192774,-0.015886140970708174
SPY,2022-05-12,371.193251989891,-0.0010444663344912897,-0.0010439210693826756
SPY,2022-05-13,380.067679026811,0.023626517723898566,0.02390783504103593
SPY,2022-05-16,378.52553445643,-0.004065806725858323,-0.004057552524144476
SPY,2022-05-17,386.311945385412,0.02036165891709274,0.020570371666374942
SPY,2022-05-18,370.739123527448,-0.04114654757375025,-0.040311520376175455
SPY,2022-05-19,368.468481215229,-0.006143468869190372,-0.006124636349718453
SPY,2022-05-20,368.629318379011,0.0004364065838302622,0.00043650182303664546
SPY,2022-05-23,375.526394402374,0.01853717818877776,0.01871005826040048
SPY,2022-05-24,372.659708483199,-0.007663066545537944,-0.0076337801068209485
SPY,2022-05-25,375.952139835915,0.008796154078166474,0.008834953921143933
SPY,2022-05-26,383.464181485504,0.01978436983288656,0.019981377557440373
SPY,2022-05-27,392.877886071576,0.02425262367027159,0.024549110557351553
SPY,2022-05-31,390.673470826798,-0.0056267430115282124,-0.005610942542020214
SPY,2022-06-01,387.51349360896,-0.008121427705528816,-0.008088538008865572
SPY,2022-06-02,394.89308112367,0.018864377157125745,0.019043433677581184
SPY,2022-06-03,388.412289524214,-0.016547670232860412,-0.016411509619299783
SPY,2022-06-06,389.594915728494,0.003040144376971199,0.003044770302527502
SPY,2022-06-07,393.33201453402,0.009546554201339319,0.00959226790354304
SPY,2022-06-08,389.055638179342,-0.010931713776889396,-0.010872179727714829
SPY,2022-06-09,379.802770757052,-0.024070268472343948,-0.02378288993726073
SPY,2022-06-10,368.790155542793,-0.029424295544652423,-0.02899561578318079
SPY,2022-06-13,354.787861284114,-0.038707761103047744,-0.037968188814774984
SPY,2022-06-14,353.718767195444,-0.003017882563419505,-0.003013333333334843
SPY,2022-06-15,358.761485330496,0.01415562697387518,0.014256292294114204
SPY,2022-06-16,346.887918239521,-0.033656055841057686,-0.03309599156118132
SPY,2022-06-17,347.632377650711,0.002143809765439819,0.0021461093686058245
SPY,2022-06-21,356.383523439163,0.024861928653870713,0.025173563658229904
SPY,2022-06-22,355.73740192601,-0.0018146403719949689,-0.0018129949076147128
SPY,2022-06-23,359.224557739649,0.009754878336992512,0.009802612249257634
SPY,2022-06-24,370.64570566334,0.03129893311088772,0.03179389514891835
SPY,2022-06-27,369.229939406576,-0.0038270430826328194,-0.0038197292863009972
SPY,2022-06-28,361.685520561809,-0.02064448545805142,-0.02043284695951887
SPY,2022-06-29,361.390965166106,-0.0008147282280930312,-0.000814396427165453
SPY,2022-06-30,358.454912996039,-0.008157491876171541,-0.0081243098280487
SPY,2022-07-01,362.246125992339,0.010521000421466198,0.010576540755466976
SPY,2022-07-05,362.930254653326,0.0018867930125789911,0.0018885741265359907
SPY,2022-07-06,364.155985170926,0.003371626669919081,0.0033773169965419345
SPY,2022-07-07,369.610010884902,0.014866118595221245,0.01497716894977309
SPY,2022-07-08,369.305953702241,-0.0008229818122620358,-0.0008226432556115696
SPY,2022-07-11,365.087160292825,-0.01148932291776994,-0.011423572696630578
SPY,2022-07-12,361.856552727055,-0.008888250290397082,-0.008848866564298908
SPY,2022-07-13,359.956195335426,-0.005265525685063999,-0.0052516871044819636
SPY,2022-07-14,359.082030935277,-0.002431483609328211,-0.0024285299474688443
SPY,2022-07-15,365.942321119058,0.018924867598027362,0.019105077928607307
SPY,2022-07-18,362.920752866368,-0.008291229642980014,-0.008256952197958472
SPY,2022-07-19,372.726597007174,0.0266606682163113,0.02701924335645984
SPY,2022-07-20,375.10204374671,0.006352938626477567,0.006373161342951589
SPY,2022-07-21,378.921762103885,0.01013164571746028,0.010183144615853524
SPY,2022-07-22,375.406100929371,-0.00932137549866674,-0.009278066150104432
SPY,2022-07-25,375.862186703362,0.00121417564811388,0.0012149130577843222
SPY,2022-07-26,371.41535040695,-0.011901572215659684,-0.011831028642212282
SPY,2022-07-27,381.059664169467,0.025634982473841106,0.025966384404817935
SPY,2022-07-28,385.839063009414,0.012464385578037529,0.012542389786554527
SPY,2022-07-29,391.464120888637,0.014473518677016628,0.014578767207626533
SPY,2022-08-01,390.304902879743,-0.0029656300601743624,-0.002961236923226963
SPY,2022-08-02,387.729918614085,-0.006619224734525808,-0.006597365922537114
SPY,2022-08-03,393.80156048034,0.015538117621932912,0.01565946184384655
SPY,2022-08-04,393.535510445512,-0.0006758224775094135,-0.0006755941609360604
SPY,2022-08-05,392.870385358442,-0.0016915571188267364,-0.0016901272424362356
SPY,2022-08-08,392.414299584451,-0.0011615808483673717,-0.001160906474472171
SPY,2022-08-09,390.856006523315,-0.003978945977892501,-0.00397104046102846
SPY,2022-08-10,399.065550455153,0.020786467855215207,0.021004011182691955
SPY,2022-08-11,399.065550455153,0.0,0.0
SPY,2022-08-12,405.821320982395,0.016787276377268512,0.016928974499394123
SPY,2022-08-15,407.493635487028,0.004112347493662405,0.004120814797469796
SPY,2022-08-16,408.291785591512,0.0019567654398642276,0.001958681154688687
SPY,2022-08-17,405.393740569278,-0.00712328579835475,-0.007097975331625762
SPY,2022-08-18,406.571962152088,0.0029021482208468896,0.0029063635298253046
SPY,2022-08-19,401.108434651154,-0.013529140630970105,-0.013438033139359049
SPY,2022-08-22,392.756363914944,-0.021042320873786657,-0.020822475955844327
SPY,2022-08-23,391.80618521913,-0.0024221884193194043,-0.0024192572880112613
SPY,2022-08-24,393.060421097605,0.0031960512423951926,0.0032011640596575673
SPY,2022-08-25,398.609464681162,0.01401880900364727,0.014117533299490056
SPY,2022-08-26,385.116927200595,-0.03443515711385281,-0.033849014326238776
SPY,2022-08-29,382.570448295812,-0.006634180333731088,-0.0066122227430855255
SPY,2022-08-30,378.370658460312,-0.011038521754515251,-0.010977820828054837
SPY,2022-08-31,375.491617011994,-0.007638147017636321,-0.007609050500991687
SPY,2022-09-01,376.669838594804,0.0031328979641775945,0.0031378106179461678
SPY,2022-09-02,372.698091646299,-0.010600357926872306,-0.010544372130568993
SPY,2022-09-06,371.291827176494,-0.0037803365582345094,-0.0037732000815813354
SPY,2022-09-07,377.962081621112,0.01780552785035816,0.01796499129900673
SPY,2022-09-08,380.43254623023,0.0065150075084705605,0.0065362763336521655
SPY,2022-09-09,386.342657718196,0.015415805050674969,0.015535241520554114
SPY,2022-09-12,390.494938618906,0.010690317937162241,0.010747663551403013
SPY,2022-09-13,373.5152453247,-0.0444561867035933,-0.04348249263936538
SPY,2022-09-14,374.940513368422,0.0038085611607012737,0.0038158229458157386
SPY,2022-09-15,370.683712811172,-0.01141820948470329,-0.011353269133301749
SPY,2022-09-16,367.867761327899,-0.0076256435132755485,-0.00759664205885251
SPY,2022-09-19,370.720558833788,0.007725038739485157,0.00775495383338619
SPY,2022-09-20,366.46521539691,-0.011544961529055264,-0.011478574186078134
SPY,2022-09-21,360.072659112812,-0.017597764628122015,-0.017443828269415394
SPY,2022-09-22,357.048121288843,-0.008435275731988767,-0.008399798616815876
SPY,2022-09-23,351.065833542381,-0.016896800393478628,-0.01675485008818321
SPY,2022-09-26,347.592862665647,-0.009941905830905817,-0.009892648457670933
SPY,2022-09-27,346.705537688899,-0.0025560348674078526,-0.002552770991737752
SPY,2022-09-28,353.527444768198,0.019485294443739143,0.019676371842148956
SPY,2022-09-29,346.142611090747,-0.02111025865273941,-0.020888996842361486
SPY,2022-09-30,340.790037843913,-0.015584298071939173,-0.01546349127594321
SPY,2022-10-03,349.787322285561,0.026058756327071997,0.026401254269553746
SPY,2022-10-04,360.626044582182,0.030516214670222475,0.03098660702108696
SPY,2022-10-05,359.786425249345,-0.0023309416428931584,-0.0023282271079721334
SPY,2022-10-06,356.074926153055,-0.010369416774566709,-0.010315839719960994
SPY,2022-10-07,346.142611090747,-0.02829031450789543,-0.02789389067524154
SPY,2022-10-10,343.499718418068,-0.007664569002733934,-0.007635271093468687
SPY,2022-10-11,341.324341055718,-0.006353119897459791,-0.006332981501028279
SPY,2022-10-12,340.198487859414,-0.0033039369267999774,-0.0032984849331920154
SPY,2022-10-13,349.176690043498,0.026048834190454784,0.02639107022660908
SPY,2022-10-14,341.219388639113,-0.02305243043073535,-0.022788753176489974
SPY,2022-10-17,349.987685989988,0.025372332124866226,0.025696949361071322
SPY,2022-10-18,354.099912495132,0.011681141019963981,0.011749631972085
SPY,2022-10-19,351.590595625404,-0.007111693913458339,-0.007086465658933259
SPY,2022-10-20,348.642386831693,-0.008420700791215374,-0.008385345997286306
SPY,2022-10-21,357.114909190319,0.024010887177777995,0.024301469582113995
SPY,2022-10-24,361.484746172583,0.012162240310234829,0.012236501108765471
SPY,2022-10-25,367.257129085836,0.015842382162011504,0.015968538020957358
SPY,2022-10-26,364.490201738987,-0.007562557231212352,-0.007534033045829072
SPY,2022-10-27,362.543811467411,-0.005354343500594716,-0.005340034553164351
SPY,2022-10-28,371.168991886553,0.023512136422153773,0.023790725827676454
SPY,2022-10-31,368.487934698744,-0.007249493199836365,-0.0072232790087929
SPY,2022-11-01,366.875483934546,-0.004385459781095946,-0.004375857694000904
SPY,2022-11-02,357.668294659689,-0.025416503996648743,-0.025096223863515635
SPY,2022-11-03,353.985418949745,-0.010350282778891717,-0.010296902926350174
SPY,2022-11-04,359.08038171946,0.014290545058468496,0.01439314304196894
SPY,2022-11-07,362.515188081065,0.009520103635252575,0.009565563969708977
SPY,2022-11-08,364.471119481423,0.005380943490780332,0.0053954467693105735
SPY,2022-11-09,356.962251129803,-0.020817278005810458,-0.020602094240837938
SPY,2022-11-10,376.578811906081,0.05349731604908481,0.054954160318606844
SPY,2022-11-11,380.223523100895,0.009631945368454353,0.009678481846511893
SPY,2022-11-14,376.989080443717,-0.008543075785934384,-0.008506687410604365
SPY,2022-11-15,380.20444084333,0.008492887580151098,0.008529054464464945
SPY,2022-11-16,377.303937693531,-0.00765804684709348,-0.007628798715147636
SPY,2022-11-17,376.14946111088,-0.0030644960603272153,-0.003059805285119329
SPY,2022-11-18,377.8573231629,0.0045301050556769695,0.004540381493505762
SPY,2022-11-21,376.483400618258,-0.003642714811981307,-0.003636088175138289
SPY,2022-11-22,381.549740001626,0.013367264703977533,0.013457006006235908
SPY,2022-11-23,383.954104454749,0.006281803486926307,0.006301575393847035
SPY,2022-11-25,383.868234295709,-0.00022367194874117757,-0.00022364693603660872
SPY,2022-11-28,377.742829617514,-0.016085734694109455,-0.015957050182684104
SPY,2022-11-29,377.094032860321,-0.0017190387730519063,-0.0017175620721905974
SPY,2022-11-30,388.972738194206,0.0310146790199477,0.031500645193940115
SPY,2022-12-01,388.686504330738,-0.0007361421577511962,-0.0007358712715879024
SPY,2022-12-02,388.238071277973,-0.00115438001742163,-0.001153713977121794
SPY,2022-12-05,381.253965009376,-0.018153009332331216,-0.017989235948981698
SPY,2022-12-06,375.758274830808,-0.014519677330389058,-0.014414775144523008
SPY,2022-12-07,375.119019202399,-0.0017026904074217697,-0.001701241652487429
SPY,2022-12-08,378.057686867327,0.007803434581551194,0.007833960728454612
SPY,2022-12-09,375.233512747785,-0.0074982619023122865,-0.007470220068645401
SPY,2022-12-12,380.643332767313,0.014314269376620281,0.014417209113100172
SPY,2022-12-13,383.524753659549,0.0075413632143384035,0.007569870911143526
SPY,2022-12-14,381.072683562514,-0.006414037986912646,-0.0063935119536291584
SPY,2022-12-15,371.751000742269,-0.02476585012445298,-0.02446169253880874
SPY,2022-12-16,367.382499518035,-0.011820738987168511,-0.011751148525522488
SPY,2022-12-19,364.267220149877,-0.008515818733600966,-0.008479661857178513
SPY,2022-12-20,364.765664848783,0.0013674136978707452,0.0013683490342636395
SPY,2022-12-21,370.219800111802,0.014841750323795644,0.014952436011980624
SPY,2022-12-22,364.938203398404,-0.01436885012319511,-0.014266110866579746
SPY,2022-12-23,367.037422418793,0.005735777808863141,0.005752258877915495
SPY,2022-12-27,365.590015696972,-0.003951281455400135,-0.0039434854143279565
SPY,2022-12-28,361.046500556952,-0.012505769399718147,-0.012427897220765361
SPY,2022-12-29,367.545452592677,0.01784023108477495,0.018000318589709827
SPY,2022-12-30,366.577319619803,-0.002637524868473129,-0.0026340496557494112
SPY,2023-01-03,365.034058148193,-0.004218807436469518,-0.004209920769813528
SPY,2023-01-04,367.852187792003,0.007690534647375458,0.007720182763510535
SPY,2023-01-05,363.653749751225,-0.011479015895232259,-0.011413383364602823
SPY,2023-01-06,371.993112982907,0.022673162638383815,0.022932152459274643
SPY,2023-01-09,371.78223253337,-0.0005670541688669317,-0.0005668934240368338
SPY,2023-01-10,374.389481727643,0.006988364086541132,0.007012839684421882
SPY,2023-01-11,379.124706367242,0.012568540974634779,0.012647857033130466
SPY,2023-01-12,380.505014764211,0.0036341651142217657,0.0036407766990314235
SPY,2023-01-13,381.981177910968,0.0038719782867779884,0.0038794840789988
SPY,2023-01-17,381.281438237505,-0.001833549435533044,-0.0018318695106649867
SPY,2023-01-18,375.261759950728,-0.015913976474263514,-0.015788018201471552
SPY,2023-01-19,372.529899581728,-0.007306507066610735,-0.007279879434980791
SPY,2023-01-20,379.469783466485,0.01845766977462926,0.01862906545903843
SPY,2023-01-23,384.022884081483,0.011927173067780572,0.011998585429925669
SPY,2023-01-24,383.610708657389,-0.0010738859466385975,-0.0010733095374768338
SPY,2023-01-25,383.754490782073,0.000374742369008807,0.0003748125937026311
SPY,2023-01-26,387.972099772809,0.010930428039102047,0.010990383414512493
SPY,2023-01-27,388.863548945851,0.0022950789290199225,0.00229771463866613
SPY,2023-01-30,383.984542181568,-0.012626211122781505,-0.012546834943797774
SPY,2023-01-31,389.630386944167,0.014596266921494738,0.014703312613895249
SPY,2023-02-01,393.771312135071,0.010571750768925803,0.010627829167485807
SPY,2023-02-02,399.50342617248,0.014452026588539724,0.014556962025315695
SPY,2023-02-03,395.257060756807,-0.010686001363579223,-0.010629108882384589
SPY,2023-02-06,392.841521062113,-0.0061300637118586465,-0.0061113132048012855
SPY,2023-02-07,397.979335650828,0.012993807215710973,0.01307859356318563
SPY,2023-02-08,393.627530010387,-0.010994976597014094,-0.010934752763794525
SPY,2023-02-09,390.215100917882,-0.008706978968160861,-0.008669183002558074
SPY,2023-02-10,391.125721040882,0.0023309175962769046,0.0023336362966425396
SPY,2023-02-13,395.717163555797,0.01167067713098291,0.011739045191648458
SPY,2023-02-14,395.535039531197,-0.00046034381226522925,-0.0004602378703099147
SPY,2023-02-15,396.819493178375,0.003242121346607618,0.0032473827064736925
SPY,2023-02-16,391.355772440377,-0.01386444994434477,-0.013768781100534318
SPY,2023-02-17,390.378053992524,-0.0025014114129300324,-0.0024982854903513067
SPY,2023-02-21,382.546720934726,-0.020264846758444754,-0.02006089476010334
SPY,2023-02-22,382.019519810884,-0.0013790857594857542,-0.0013781352577113724
SPY,2023-02-23,384.05164050642,0.005305317749067839,0.005319415867916819
SPY,2023-02-24,379.949057215432,-0.01073984025730379,-0.010682374082761922
SPY,2023-02-27,381.243096337589,0.003400036016488528,0.0034058226953917496
SPY,2023-02-28,379.834031515684,-0.003702821646578869,-0.003695974656173968
SPY,2023-03-01,378.377039318885,-0.003843241140149445,-0.0038358653409359313
SPY,2023-03-02,381.319780137421,0.00774718403838115,0.00777727111516385
SPY,2023-03-03,387.435313173988,0.01591056007152236,0.016037806993288075
SPY,2023-03-06,387.703706473398,0.0006925036756841862,0.0006927435117135285
SPY,2023-03-07,381.760711986452,-0.01544740087112384,-0.015328701757855745
SPY,2023-03-08,382.383767860084,0.0016307282932412903,0.0016320586536785761
SPY,2023-03-09,375.32885827558,-0.01862213514043809,-0.018449814499148478
SPY,2023-03-10,369.913064912476,-0.014534578736324022,-0.014429461640616854
SPY,2023-03-13,369.385863788634,-0.0014262193349399155,-0.0014252027674845757
SPY,2023-03-14,375.491811350222,0.016394864643463514,0.01652999792401872
SPY,2023-03-15,373.143369980381,-0.006273947930215407,-0.0062543078140540375
SPY,2023-03-16,379.690249391,0.017393071423939865,0.017545211672830255
SPY,2023-03-17,375.267706779405,-0.011716131116169315,-0.011647764509856412
SPY,2023-03-20,378.876142637818,0.009569695222624297,0.009615631170028152
SPY,2023-03-21,383.850972874618,0.013045034544783896,0.013130492202977235
SPY,2023-03-22,377.307675851361,-0.01719341486561632,-0.01704645158055725
SPY,2023-03-23,378.327660387339,0.002699675641287591,0.002703323047103346
SPY,2023-03-24,380.810264257928,0.006540610448726447,0.0065620469517012475
SPY,2023-03-27,381.522328933988,0.0018681213147750952,0.001869867340491878
SPY,2023-03-28,380.665926823592,-0.002247220327338262,-0.0022446972180864976
SPY,2023-03-29,386.198861806493,0.014430264829028872,0.014534883720930253
SPY,2023-03-30,388.460148277765,0.005838163281307374,0.005855238569825133
SPY,2023-03-31,393.935348286932,0.013996219080723904,0.014094624721329357
SPY,2023-04-03,395.436457604032,0.003803305654891176,0.0038105473997895874
SPY,2023-04-04,393.242528602116,-0.005563568192876289,-0.005548120209272327
SPY,2023-04-05,392.212921570515,-0.0026216830530652047,-0.0026182494433168923
SPY,2023-04-06,393.742898374483,0.0038932945026290966,0.003900883218843484
SPY,2023-04-10,394.147043190625,0.0010258916385819106,0.0010264180454060156
SPY,2023-04-11,394.252890642472,0.00026851207855482784,0.0002685481311495294
SPY,2023-04-12,392.645933873525,-0.00408428365308211,-0.004075954310260858
SPY,2023-04-13,397.861326500886,0.01319524452594667,0.013282685945350734
SPY,2023-04-14,396.88945444302,-0.002445729065296831,-0.0024427407067015594
SPY,2023-04-17,398.31358379514,0.0035818044101700863,0.003588226737136641
SPY,2023-04-18,398.573391176946,0.0006520558100984175,0.0006522684447026959
SPY,2023-04-19,398.506033707589,-0.00016901068429131527,-0.0001689964027908005
SPY,2023-04-20,396.331349696918,-0.00547203612332936,-0.0054570918047045554
SPY,2023-04-21,396.639269556836,0.0007766236678081739,0.0007769253180538806
SPY,2023-04-24,397.053036868601,0.0010426391837219384,0.0010431829209127854
SPY,2023-04-25,390.750302235905,-0.01600112311405688,-0.015873785231321127
SPY,2023-04-26,389.095232988846,-0.0042446142401662,-0.004235618597320423
SPY,2023-04-27,396.841341964907,0.01971242986558064,0.019908002769807785
SPY,2023-04-28,400.228460424005,0.008498976720201057,0.008535195557819541
SPY,2023-05-01,399.824315607863,-0.0010102954770614403,-0.0010097853004102343
SPY,2023-05-02,395.330610152185,-0.011302837096972773,-0.011239200019253786
SPY,2023-05-03,392.617066386658,-0.006887651487020641,-0.0068639859799432094
SPY,2023-05-04,389.836165151774,-0.007108189555237843,-0.007082986128130449
SPY,2023-05-05,397.053036868601,0.018343304384734083,0.01851257621010417
SPY,2023-05-08,397.158884320448,0.00026654712589824214,0.00026658265274027043
SPY,2023-05-09,395.417212612787,-0.0043949710769144446,-0.004385327324707985
SPY,2023-05-10,397.264731772295,0.004661447174375333,0.00467232862044677
SPY,2023-05-11,396.571912087479,-0.001745497303708099,-0.001743974809254216
SPY,2023-05-12,396.052297323868,-0.0013111253274331602,-0.0013102661781462272
SPY,2023-05-15,397.418691702254,0.0034440975106644345,0.00345003522923303
SPY,2023-05-16,394.762882910461,-0.00670507577276247,-0.006682646909277183
SPY,2023-05-17,399.554885730435,0.012065853606521237,0.012138939670933867
SPY,2023-05-18,403.403883979409,0.009587111754963296,0.009633215326443978
SPY,2023-05-19,402.81691174644,-0.0014561081524853137,-0.001455048541374392
SPY,2023-05-22,402.980494172022,0.00040601378616411665,0.00040609622091786717
SPY,2023-05-23,398.457921229477,-0.01128625946176598,-0.011222808567539388
SPY,2023-05-24,395.571172542746,-0.007271172877377552,-0.007244801854669284
SPY,2023-05-25,398.996780984333,0.008622622270992863,0.008659904157239358
SPY,2023-05-26,404.164061133582,0.012867538294070613,0.012950681297481179
SPY,2023-05-30,404.318021063541,0.0003808617041993756,0.0003809342412266461
SPY,2023-05-31,402.075979583513,-0.005560674448036984,-0.005545242515113192
SPY,2023-06-01,405.89611034562,0.009456166310022773,0.009501017111402797
SPY,2023-06-02,411.765832675307,0.014357579465527515,0.01446114456403379
SPY,2023-06-05,410.976788034267,-0.0019180843755739474,-0.0019162460272954256
SPY,2023-06-06,411.871680127153,0.002175108735886333,0.0021774760009351754
SPY,2023-06-07,410.447550775033,-0.003463693228603404,-0.003457701562973113
SPY,2023-06-08,412.930154645621,0.006030309971932546,0.006048528894618009
SPY,2023-06-09,413.671086808549,0.0017927201755982836,0.0017943280590972499
SPY,2023-06-12,417.423860101299,0.009030974890538168,0.009071877180739105
SPY,2023-06-13,420.175893849316,0.006571261842196918,0.006592899953896197
SPY,2023-06-14,420.676263621683,0.0011901493668862173,0.0011908578756934195
SPY,2023-06-15,425.891656249043,0.012321418015091012,0.012397639416257284
SPY,2023-06-16,424.446710552143,-0.0033985226212713826,-0.003392754179844997
SPY,2023-06-20,422.244602282769,-0.005201690867266073,-0.005188185500387928
SPY,2023-06-21,420.081127491806,-0.005136919061013323,-0.005123747655426882
SPY,2023-06-22,421.597491519401,0.0036031939838423455,0.0036096932910288063
SPY,2023-06-23,418.410229550571,-0.007588685638426185,-0.007559964261986909
SPY,2023-06-26,416.700698130926,-0.00409414785728579,-0.004085778259965685
SPY,2023-06-27,421.269106952915,0.010903624582470961,0.010963285740773179
SPY,2023-06-28,421.481591084171,0.0005042633278229403,0.0005043904899480598
SPY,2023-06-29,423.142830655803,0.003933681458930138,0.00394142853869089
SPY,2023-06-30,428.136207740304,0.011731604160898357,0.011800689324600076
SPY,2023-07-03,428.628784590032,0.0011498530131595075,0.0011505143475901078
SPY,2023-07-05,427.991332196266,-0.001488296851635873,-0.0014871898871087524
SPY,2023-07-06,424.639877944193,-0.00786147978864804,-0.007830659174508916
SPY,2023-07-07,423.567798918314,-0.0025278705345792574,-0.002524678160396219
SPY,2023-07-10,424.639877944193,0.0025278705345792574,0.00253106829323863
SPY,2023-07-11,427.344221432897,0.006348363949869373,0.006368557521720476
SPY,2023-07-12,430.782601011393,0.0080137291821325,0.008045925055373531
SPY,2023-07-13,434.201663850683,0.0079055325860935,0.007936863817764966
SPY,2023-07-14,433.931229501813,-0.0006230252526737701,-0.000622831212740413
SPY,2023-07-17,435.437935159805,0.003466207976485336,0.003472222222221353
SPY,2023-07-18,438.673488976648,0.007403103322491944,0.007430574039571305
SPY,2023-07-19,439.648984306502,0.0022212701157515724,0.002223738963869547
SPY,2023-07-20,436.732156686542,-0.006656552163951446,-0.006634446397188771
SPY,2023-07-21,436.732156686542,0.0,0.0
SPY,2023-07-24,438.683147346251,0.004457299023290062,0.0044672475562849735
SPY,2023-07-25,439.880785176962,0.002726354971366085,0.0027300748568890626
SPY,2023-07-26,439.94839376418,0.00015368571302065703,0.00015369752327519355
SPY,2023-07-27,437.03156614422,-0.006652006907576613,-0.006629931285812358
SPY,2023-07-28,441.310223878135,0.00974265741747704,0.009790271608213866
SPY,2023-07-31,442.150502033554,0.0019022428143200543,0.0019040532259480389
SPY,2023-08-01,440.885255615624,-0.0028656762148768777,-0.0028615740841882215
SPY,2023-08-02,434.752190918027,-0.014008457532295182,-0.013910795653697149
SPY,2023-08-03,433.506261239302,-0.0028699531362299524,-0.0028658387576934396
SPY,2023-08-04,431.545612209992,-0.004533028473384881,-0.004522769806611128
SPY,2023-08-07,435.312376354973,0.008690668835189541,0.008728542333430366
SPY,2023-08-08,433.41933591288,-0.004358177355979542,-0.004348694282354507
SPY,2023-08-09,430.521825032125,-0.006707683059239855,-0.006685236768803133
SPY,2023-08-10,430.676358945765,0.00035888119174742883,0.0003589455973073883
SPY,2023-08-11,430.4252413361,-0.0005832473582705333,-0.0005830773025938005
SPY,2023-08-14,432.801200258319,0.0055048474135848124,0.005520026926961126
SPY,2023-08-15,427.759531325806,-0.011717305776204334,-0.011648925487045476
SPY,2023-08-16,424.620561204988,-0.007365222013407724,-0.0073381652329031774
SPY,2023-08-17,421.385007388145,-0.007649050342972252,-0.007619870803385327
SPY,2023-08-18,421.587833149798,0.00048121542192891553,0.0004813312246444486
SPY,2023-08-21,424.330810116913,0.006485225506383863,0.006506300114549142
SPY,2023-08-22,423.181464134213,-0.0027122832841808275,-0.002708608367097725
SPY,2023-08-23,427.894748500241,0.011076170340668767,0.01113773821750656
SPY,2023-08-24,421.964509564296,-0.013956040679929949,-0.013859106606777295
SPY,2023-08-25,424.939287401871,0.00702509560704101,0.00704982947652788
SPY,2023-08-28,427.633972520973,0.006321319747784493,0.006341341455099586
SPY,2023-08-29,433.815329066583,0.01435130918691474,0.014454783629957873
SPY,2023-08-30,435.602127443048,0.004110340501525478,0.004118799536912567
SPY,2023-08-31,434.964675049282,-0.0014644539761121678,-0.0014633821866477316
SPY,2023-09-01,435.775978095893,0.0018634785879232396,0.0018652159431546162
SPY,2023-09-05,433.892596023403,-0.004331270722839342,-0.004321904297523182
SPY,2023-09-06,430.975768403443,-0.0067451621515726146,-0.006722464606892368
SPY,2023-09-07,429.652571767899,-0.003074957252485966,-0.0030702344135165273
SPY,2023-09-08,430.299682531267,0.0015049925906360784,0.001506125660333713
SPY,2023-09-11,433.129584824804,0.006555053282598422,0.006576584665110332
SPY,2023-09-12,430.753625902585,-0.0055006623199780336,-0.005485561378080561
SPY,2023-09-13,431.255861121916,0.001165266238297491,0.001165945424785766
SPY,2023-09-14,434.974333418885,0.008585466452599277,0.008622427269267452
SPY,2023-09-15,429.752216201251,-0.012078224508864643,-0.012005575539568861
SPY,2023-09-18,430.004230492277,0.0005862457890550843,0.0005864176647037545
SPY,2023-09-19,429.112487616338,-0.0020759535401788654,-0.0020738002389373927
SPY,2023-09-20,425.167494676042,-0.00923589704767469,-0.009193377154344557
SPY,2023-09-21,418.140173099347,-0.01666647775247565,-0.016528360386650634
SPY,2023-09-22,417.199965936672,-0.002251077173879068,-0.0022485453997542785
SPY,2023-09-25,418.954373116509,0.004196377803539875,0.004205194925886611
SPY,2023-09-26,412.799408701059,-0.014800237526573667,-0.014691252342503427
SPY,2023-09-27,412.964187275961,0.00039909382755975997,0.0003991734760970677
SPY,2023-09-28,415.358323040711,0.005780701120393417,0.005797441614834562
SPY,2023-09-29,414.350265876606,-0.0024299077376612743,-0.0024269579016145577
SPY,2023-10-02,414.185487301704,-0.00039775851903200987,-0.00039767942359927703
SPY,2023-10-03,408.641172899126,-0.013476467356900557,-0.013386066321873205
SPY,2023-10-04,411.616880104705,0.007255570972882985,0.007281956403138944
SPY,2023-10-05,411.461794387151,-0.0003768430022441649,-0.00037677200583845346
SPY,2023-10-06,416.346994490122,0.01180286288474619,0.01187279151943433
SPY,2023-10-09,419.012530260592,0.006381790685685118,0.006402197699864126
SPY,2023-10-10,421.193423163704,0.0051913409852604175,0.00520483934395869
SPY,2023-10-11,422.9187517715,0.004087918790184553,0.004096285727437514
SPY,2023-10-12,420.340451717154,-0.00611510216120692,-0.006096442977631442
SPY,2023-10-13,418.246794530166,-0.004993306412589327,-0.004980860582023605
SPY,2023-10-16,422.647351765779,0.010466471736674698,0.01052143684820413
SPY,2023-10-17,422.627966051085,-4.586840355713662e-05,-4.586735161822724e-05
SPY,2023-10-18,416.996415932382,-0.013414652290807183,-0.013325076831338545
SPY,2023-10-19,413.332515855153,-0.008825234716264951,-0.008786406638619836
SPY,2023-10-20,408.253458605239,-0.012364188561954315,-0.012288066036628704
SPY,2023-10-23,407.545880018896,-0.0017346882505941963,-0.0017331845485409538
SPY,2023-10-24,410.618515797947,0.007511082712289507,0.007539361651523799
SPY,2023-10-25,404.725258530871,-0.014456135150030747,-0.014352146920661312
SPY,2023-10-26,399.878829857289,-0.01204688704888568,-0.011974613818703104
SPY,2023-10-27,398.066265533369,-0.004543088119588035,-0.004532783904981648
SPY,2023-10-30,402.825458490827,0.011884874907132748,0.011955780656472174
SPY,2023-10-31,405.355294258437,0.0062605896566365615,0.006280228109434799
SPY,2023-11-01,409.678308635272,0.010608286339470752,0.010664753706359165
SPY,2023-11-02,417.529523086476,0.018983017126675605,0.01916434013154882
SPY,2023-11-03,421.338816023912,0.00908204289863157,0.00912340978735303
SPY,2023-11-06,422.308101758628,0.002297847928510066,0.002300490004369854
SPY,2023-11-07,423.510016069677,0.0028420179107300214,0.0028460602722131865
SPY,2023-11-08,423.820187504786,0.0007321147001597694,0.0007323827615400905
SPY,2023-11-09,420.514923149403,-0.007829311365905589,-0.007798742138364293
SPY,2023-11-10,427.076987573433,0.015484327901073236,0.015604831274200882
SPY,2023-11-13,426.669887564852,-0.0009536785463950537,-0.0009532239395385001
SPY,2023-11-14,434.947587739331,0.01921491867668479,0.019400713328335976
SPY,2023-11-15,435.868409187312,0.0021148481296506816,0.002117085998262491
SPY,2023-11-16,436.401516341406,0.0012223446088626133,0.0012230919765164989
SPY,2023-11-17,436.944316352847,0.0012430358307389255,0.001243808719986996
SPY,2023-11-20,440.307737852313,0.007668122209847361,0.007697597550965504
SPY,2023-11-21,439.348144974944,-0.0021817469234095554,-0.0021793686435073946
SPY,2023-11-22,441.044395010698,0.0038533996090084344,0.0038608334987979896
SPY,2023-11-24,441.315795016419,0.0006151683118691409,0.0006153575667011804
SPY,2023-11-27,440.520980713951,-0.0018026340918657624,-0.0018010103228650236
SPY,2023-11-28,440.957159294573,0.0009896527126986854,0.0009901425805305725
SPY,2023-11-29,440.646987859464,-0.0007036524247494569,-0.0007034049194375231
SPY,2023-11-30,442.382009324607,0.003929709451100827,0.003937440883395664
SPY,2023-12-01,444.999080808341,0.005898433267254255,0.005915863277825228
SPY,2023-12-04,442.663102187674,-0.005263227515904134,-0.005249401001960917
SPY,2023-12-05,442.57586647155,-0.00019708964357612047,-0.00019707022268822345
SPY,2023-12-06,440.792380719672,-0.004037926834788763,-0.004029785370126257
SPY,2023-12-07,444.155802219138,0.007601434207504809,0.0076303984519302355
SPY,2023-12-08,446.065295116529,0.004289936132853001,0.004299151081333546
SPY,2023-12-11,447.800316581672,0.003882068224572599,0.0038896132116482043
SPY,2023-12-12,449.845509481924,0.004556800421293694,0.004567198424208779
SPY,2023-12-13,456.048938184109,0.013695912778302954,0.013790131437188961
SPY,2023-12-14,457.512559643531,0.0032042127763700634,0.003209351753454053
SPY,2023-12-15,456.762403242719,-0.0016409867919415788,-0.00163964110929866
SPY,2023-12-18,459.331710008877,0.005609278491613523,0.005625039950568512
SPY,2023-12-19,462.124857894813,0.006062480941790405,0.006080894972136802
SPY,2023-12-20,455.721055424617,-0.013954207975986677,-0.013857299300817019
SPY,2023-12-21,460.04216225861,0.009437240589845075,0.009481911758426005
SPY,2023-12-22,460.966723405523,0.0020077145223531545,0.002009731330654115
SPY,2023-12-26,462.913167925339,0.004213637330921394,0.0042225271825178275
SPY,2023-12-27,463.75013906886,0.0018064195804470273,0.0018080521391778358
SPY,2023-12-28,463.925319075644,0.00037767520381937203,0.00037774653207808064
SPY,2023-12-29,462.58227235697,-0.0028991616945202026,-0.0028949631836217766
SPY,2024-01-02,459.993501145614,-0.005612065870819194,-0.005596347646799305
SPY,2024-01-03,456.236863222369,-0.008200249894120049,-0.00816671955992664
SPY,2024-01-04,454.767297609907,-0.0032262572452195215,-0.0032210584696785003
SPY,2024-01-05,455.390159856249,0.0013686914027184471,0.001369628488274158
SPY,2024-01-08,461.891284552435,0.014175002866890551,0.014275944605913766
SPY,2024-01-09,461.190564525302,-0.0015182189151028425,-0.001517067003790704
SPY,2024-01-10,463.798800181856,0.0056395082338740465,0.005655440195830109
SPY,2024-01-11,463.594423507275,-0.0004407551676441912,-0.00044065804935429465
SPY,2024-01-12,463.915586853044,0.0006925280698153458,0.0006927679227443082
SPY,2024-01-16,462.212447898205,-0.003677981468809044,-0.003671225979691985
SPY,2024-01-17,459.643141132048,-0.0055742210591471775,-0.005558713915733532
SPY,2024-01-18,463.730674623662,0.0088535328205257,0.008892841262782444
SPY,2024-01-19,469.511614847517,0.01238909601886995,0.012466158786124051
SPY,2024-01-22,470.504301552623,0.0021120643955123697,0.0021142963746027667
SPY,2024-01-23,471.876544939094,0.0029122925438560543,0.002916537387528023
SPY,2024-01-24,472.392352736845,0.0010925020411542974,0.0010930990388970721
SPY,2024-01-25,474.961659503003,0.005424187858881879,0.005438925400194316
SPY,2024-01-26,474.35826170186,-0.001271221363679409,-0.001270413704075359
SPY,2024-01-29,478.114899625105,0.007888216813165094,0.007919410763011262
SPY,2024-01-30,477.74507516634,-0.0007738047140204429,-0.0007735054043599587
SPY,2024-01-31,469.949564864475,-0.016451894529430078,-0.01631730122838157
SPY,2024-02-01,476.100329547095,0.013003228233532838,0.013088137839629128
SPY,2024-02-02,481.112424185623,0.010472364530126121,0.010527391659854415
SPY,2024-02-05,479.360624117788,-0.003647790041453547,-0.0036411449377975864
SPY,2024-02-06,480.752331949457,0.0028990522367013938,0.002903258552431792
SPY,2024-02-07,484.762007660278,0.008305829540846688,0.00834041864042908
SPY,2024-02-08,484.976116557458,0.0004415808666529131,0.00044167837783614224
SPY,2024-02-09,487.778996665994,0.005762782076023321,0.00577941884732774
SPY,2024-02-12,487.564887768814,-0.00043904289355989334,-0.00043894652833236674
SPY,2024-02-13,480.849654175447,-0.01386873273199729,-0.013773004910376477
SPY,2024-02-14,485.219422122435,0.009046553411184988,0.00908759715025942
SPY,2024-02-15,488.567306696519,0.0068760390045055075,0.006899733237057487
SPY,2024-02-16,486.134251046749,-0.004992421903816435,-0.0049799804784754305
SPY,2024-02-20,483.457889832001,-0.00552060582839875,-0.005505395287382512
SPY,2024-02-21,483.89583984896,0.0009054599852005296,0.0009058700378458869
SPY,2024-02-22,493.910296903415,0.020484238850909442,0.020695480782766826
SPY,2024-02-23,494.250924694383,0.0006894174695677435,0.000689655172414109
SPY,2024-02-26,492.440731290954,-0.003669222139181194,-0.003662498769321164
SPY,2024-02-27,493.355560215268,0.0018560207515774252,0.0018577442241947495
SPY,2024-02-28,492.703501301129,-0.0013225556858271759,-0.0013216814944874136
SPY,2024-02-29,494.474765814162,0.0035885441826408737,0.0035949907162329572
SPY,2024-03-01,499.117035993924,0.009344489258699795,0.009388285309399723
SPY,2024-03-04,498.581763750975,-0.001073013808261969,-0.0010724383347946458
SPY,2024-03-05,493.598865780245,-0.010044420776265106,-0.00999414405621711
SPY,2024-03-06,496.100046988209,0.0050544392856730624,0.005067234512401736
SPY,2024-03-07,501.024551623344,0.009877491098167823,0.009926434526727732
SPY,2024-03-08,498.017294840228,-0.006020300103898535,-0.006002214409198833
SPY,2024-03-11,497.589077045868,-0.0008602151068091146,-0.0008598452278596982
SPY,2024-03-12,502.941799475364,0.01069986668711298,0.010757314974184173
SPY,2024-03-13,502.153489444838,-0.0015686277726274511,-0.001567398119122995
SPY,2024-03-14,501.160802739732,-0.0019788156846987093,-0.001976859119715513
SPY,2024-03-15,497.730132960553,-0.006868984682210311,-0.006845447130789718
SPY,2024-03-18,500.688221544729,0.005925566624999767,0.005943157523095798
SPY,2024-03-19,503.470582094201,0.005541688545640078,0.005557072105446844
SPY,2024-03-20,508.127375013845,0.009206870737267003,0.009249384343915203
SPY,2024-03-21,509.806554012123,0.0032991935399868666,0.0033046418690436943
SPY,2024-03-22,508.840049821254,-0.0018976247056867734,-0.0018958253542695836
SPY,2024-03-25,507.434225543625,-0.0027666255230771597,-0.0027628019416373263
SPY,2024-03-26,506.49700935854,-0.001848678529162484,-0.001846970775534371
SPY,2024-03-27,510.753532865803,0.008368731542376828,0.008403847265857871
SPY,2024-03-28,510.655906179857,-0.00019116072852209953,-0.0001911424584734199
SPY,2024-04-01,509.767503337744,-0.001741243993995667,-0.0017397289081781562
SPY,2024-04-02,506.526297364324,-0.006378503854488571,-0.006358204381797458
SPY,2024-04-03,507.082769474218,0.0010980015550510203,0.0010986045794454669
SPY,2024-04-04,500.893237585216,-0.012281263923799024,-0.012206156985810797
SPY,2024-04-05,506.126027951943,0.01039272563028426,0.010446917574599405
SPY,2024-04-08,506.409145341188,0.0005592248133021727,0.0005593812086499936
SPY,2024-04-09,506.994905456867,0.0011560249447430948,0.0011566933991375146
SPY,2024-04-10,501.918317787654,-0.010063562250121727,-0.01001309404606015
SPY,2024-04-11,505.706233202374,0.007518541017550895,0.007546876215668472
SPY,2024-04-12,498.725925157206,-0.013899237222050331,-0.013803088803088968
SPY,2024-04-15,492.477817256636,-0.012607278183044635,-0.012528139375550824
SPY,2024-04-16,491.579651745929,-0.0018254335512004616,-0.0018237684606998846
SPY,2024-04-17,488.670376504726,-0.005935799437695621,-0.005918217385260448
SPY,2024-04-18,487.664821639478,-0.002059856538425997,-0.0020577364898611734
SPY,2024-04-19,483.408298132215,-0.00876669466345703,-0.008728379244073882
SPY,2024-04-22,487.860075011371,0.009166998900019152,0.009209144518943307
SPY,2024-04-23,493.649337487993,0.011796788784550927,0.011866645321380476
SPY,2024-04-24,493.415033441722,-0.00047474928195612165,-0.00047463660634752776
SPY,2024-04-25,491.540601071551,-0.003806130078024772,-0.003798895945865823
SPY,2024-04-26,496.197393991194,0.009429276683316168,0.00947387237085049
SPY,2024-04-29,497.954674338229,0.0035352381858073656,0.00354149451068288
SPY,2024-04-30,490.06643811376,-0.01596808759670232,-0.015841273575656817
SPY,2024-05-01,488.475123132834,-0.0032524247241534354,-0.0032471413203704787
SPY,2024-05-02,493.044052035125,0.009309979915023803,0.009353452583190211
SPY,2024-05-03,499.15548257537,0.012319110453764992,0.012395303249312142
SPY,2024-05-06,504.31017159334,0.010273863060948685,0.01032682039546997
SPY,2024-05-07,504.866643703235,0.001102823921159235,0.0011034322550681124
SPY,2024-05-08,504.915457046208,9.668094329473575e-05,9.668561704721862e-05
SPY,2024-05-09,507.824732287411,0.005745369394033695,0.0057619056826314005
SPY,2024-05-10,508.478831083252,0.0012872116358364494,0.001288040448315115
SPY,2024-05-13,508.547169763414,0.00013438924906150618,0.00013439827970109847
SPY,2024-05-14,510.880447557533,0.004577631268571913,0.004588124628054631
SPY,2024-05-15,517.20665680686,0.012306912652879198,0.0123829543283012
SPY,2024-05-16,516.142525930045,-0.002059577286651404,-0.0020574578126752925
SPY,2024-05-17,516.884488743237,0.0014364831320738958,0.0014375153681726492
SPY,2024-05-20,517.48001152751,0.001151475809383129,0.0011521390121824113
SPY,2024-05-21,518.749158444814,0.002449549942591389,0.0024525525412232977
SPY,2024-05-22,517.255470149834,-0.00288355725204692,-0.002879403794038111
SPY,2024-05-23,513.477317403708,-0.007331036157672166,-0.007304229658570047
SPY,2024-05-24,516.874726074643,0.006594679954584848,0.006616472735569653
SPY,2024-05-28,517.235944812644,0.0006986075337218622,0.0006988516168012302
SPY,2024-05-29,513.613994764033,-0.007027142970263078,-0.007002510333892101
SPY,2024-05-30,510.206823424503,-0.006655820739561946,-0.0066337198251292745
SPY,2024-05-31,514.853853675552,0.00906690148270961,0.009108130345764931
SPY,2024-06-03,515.273648425122,0.0008150345893147559,0.0008153668202598669
SPY,2024-06-04,515.849645872205,0.0011172233430887246,0.0011178476695701952
SPY,2024-06-05,521.98060174964,0.011815086740568859,0.011885160582147322
SPY,2024-06-06,521.970839081045,-1.870330019837496e-05,-1.8703125292792617e-05
SPY,2024-06-07,521.336265622393,-0.0012164654760695726,-0.001215725881869727
SPY,2024-06-10,522.947105940509,0.0030850660646271066,0.0030898297784693204
SPY,2024-06-11,524.206490189218,0.002405348862985157,0.002408244035396345
SPY,2024-06-12,528.511827039454,0.008179511619744062,0.008213055219293372
SPY,2024-06-13,529.57595791627,0.002011423344489671,0.0020134476134183606
SPY,2024-06-14,529.898125979893,0.0006081660296368696,0.0006083510000920214
SPY,2024-06-17,534.115598812778,0.007927519771683933,0.007959025756292199
SPY,2024-06-18,535.472609747433,0.0025374469387431375,0.0025406689819045926
SPY,2024-06-20,534.017972126831,-0.0027202455865431574,-0.002716549071087254
SPY,2024-06-21,533.304344482968,-0.001337230073987783,-0.0013363363802548264
SPY,2024-06-24,531.570769911821,-0.003255923777702563,-0.0032506290058965095
SPY,2024-06-25,533.6177590947,0.003843435498935399,0.0038508309687881005
SPY,2024-06-26,534.283765144632,0.001247317512266477,0.0012480957362848658
SPY,2024-06-27,535.126066913664,0.0015752650068474594,0.0015765063885181054
SPY,2024-06-28,533.020312491085,-0.0039428250493784844,-0.003935062320406012
SPY,2024-07-01,534.117263632149,0.0020558764904823335,0.002057991253536784
SPY,2024-07-02,537.711737460458,0.006707202921154121,0.00672974658011529
SPY,2024-07-03,540.111318081536,0.004452650318184759,0.004462578095116207
SPY,2024-07-05,543.225875785629,0.005749948036161356,0.005766510717005317
SPY,2024-07-08,543.852705009095,0.0011532363970943038,0.0011539016298872408
SPY,2024-07-09,544.381592166394,0.0009720097966274821,0.0009724823512464413
SPY,2024-07-10,549.768405805549,0.009846652054979366,0.009895289842035249
SPY,2024-07-11,545.028009803092,-0.008659921717018015,-0.008622532601725557
SPY,2024-07-12,548.465776325535,0.006287695260979831,0.006307504312824184
SPY,2024-07-15,549.974084144498,0.002746274641366675,0.002750049108018982
SPY,2024-07-16,553.235554947841,0.0059127117631350146,0.005930226345876605
SPY,2024-07-17,545.478543307458,-0.014120398634509534,-0.014021173388095626
SPY,2024-07-18,541.286622875534,-0.0077145299686893765,-0.007684849355405808
SPY,2024-07-19,537.692149047225,-0.006662757820810938,-0.006640610863822367
SPY,2024-07-22,543.235669992246,0.010257057777279144,0.01030984170932
SPY,2024-07-23,542.383574016598,-0.0015697882205580882,-0.001568556747498144
SPY,2024-07-24,530.091844712708,-0.022923168831288088,-0.02266242912347821
SPY,2024-07-25,527.329878446814,-0.0052239754235268165,-0.005210354193226638
SPY,2024-07-26,533.235785036651,0.011137391754577841,0.01119964339443877
SPY,2024-07-29,533.549199648384,0.000587587236884346,0.0005877599000815285
SPY,2024-07-30,530.845998622189,-0.005079329261111987,-0.005066451281299868
SPY,2024-07-31,539.474694651454,0.016123920660358948,0.01625461254612602
SPY,2024-08-01,531.835213490471,-0.014262186129383458,-0.014160962945479293
SPY,2024-08-02,521.933270601042,-0.01879394666788503,-0.018618441649325777
SPY,2024-08-05,506.732661932008,-0.02955617511044828,-0.02912366297616822
SPY,2024-08-06,511.404498488148,0.009177288733269506,0.00921952916618364
SPY,2024-08-07,507.986320378939,-0.006706340408372924,-0.006683903092980373
SPY,2024-08-08,519.729574112297,0.02285410769064722,0.0231172637180425
SPY,2024-08-09,522.021418460592,0.004399992055931001,0.00440968623386412
SPY,2024-08-12,522.295656245858,0.0005252002446614057,0.0005253381864573784
SPY,2024-08-13,530.885175448656,0.01631193694608868,0.016445702927222278
SPY,2024-08-14,532.559984780102,0.0031497829483804196,0.0031547487270304777
SPY,2024-08-15,541.688185346816,0.016994993387061896,0.01714022988505809
SPY,2024-08-16,542.90266696728,0.0022395212452162028,0.0022420308460048815
SPY,2024-08-19,548.093596474102,0.009516015503566067,0.009561436741173525
SPY,2024-08-20,547.202323671988,-0.0016274560736331267,-0.0016261324851222644
SPY,2024-08-21,549.082811342383,0.0034306576905702713,0.003436549131911711
SPY,2024-08-22,544.773360431059,-0.007879414713909405,-0.007848453497912957
SPY,2024-08-23,550.561736541497,0.010569240428315752,0.010625292150588737
SPY,2024-08-26,549.249312854866,-0.002386635977731366,-0.0023837902264608793
SPY,2024-08-27,550.003466764348,0.0013721212114008452,0.0013730630004105636
SPY,2024-08-28,546.810555407322,-0.0058221727874352425,-0.005805256784670435
SPY,2024-08-29,546.859526440405,8.955357548590115e-05,8.955758552714125e-05
SPY,2024-08-30,552.079838567077,0.009500708701126293,0.00954598370197881
SPY,2024-09-03,540.718558891768,-0.02079375128058114,-0.020579051944365854
SPY,2024-09-04,539.611813544087,-0.002048902378560591,-0.002046804810897065
SPY,2024-09-05,538.299389857457,-0.0024351251402272567,-0.002432162628186816
SPY,2024-09-06,529.23974873706,-0.016973351692076477,-0.016830115900365285
SPY,2024-09-09,535.16524374013,0.01113402559816734,0.011196239544006536
SPY,2024-09-10,537.496264914892,0.004346244971667801,0.004355703592541041
SPY,2024-09-11,543.010403240063,0.010206667589763185,0.010258933289600054
SPY,2024-09-12,547.584297730037,0.008387939723530913,0.008423217055662546
SPY,2024-09-13,550.444206062097,0.005209181345081859,0.005222772719954826
SPY,2024-09-16,551.257125211279,0.001475752590362589,0.0014768420490746093
SPY,2024-09-17,551.482391963462,0.0004085584162130118,0.0004086418875703844
SPY,2024-09-18,549.846759458482,-0.002970290408486065,-0.002965883460316079
SPY,2024-09-19,559.229609397228,0.01692051884509116,0.017064481653009625
SPY,2024-09-20,558.26540011786,-0.0017256623258905535,-0.0017241742267675635
SPY,2024-09-23,559.660449599897,0.0024957830727831976,0.0024989001319845688
SPY,2024-09-24,561.261809216601,0.0028572199249810026,0.002861305668193719
SPY,2024-09-25,560.023948408597,-0.0022079319254046936,-0.0022054962366525755
SPY,2024-09-26,562.244238429303,0.0039567956100450274,0.003964634060767078
SPY,2024-09-27,561.42882218276,-0.0014513409963408108,-0.0014502883103275055
SPY,2024-09-30,563.678585079848,0.003999201998052371,0.004007209477313971
SPY,2024-10-01,558.62889892656,-0.00899881770661004,-0.008958449525934322
SPY,2024-10-02,558.864681937608,0.00042198544776361757,0.000422074496147647
SPY,2024-10-03,557.842955556398,-0.0018298910690841552,-0.0018282178391871495
SPY,2024-10-04,562.91229029394,0.009046345002780676,0.009087386847945078
SPY,2024-10-07,557.823306972144,-0.009081568052748068,-0.009040455164229376
SPY,2024-10-08,563.098951844353,0.009413112792511669,0.00945755547728028
SPY,2024-10-09,566.99919581878,0.006902514561196504,0.006926391820926452
SPY,2024-10-10,566.006942313951,-0.0017515417174029935,-0.0017500086634093912
SPY,2024-10-11,569.396323097773,0.005970373619740954,0.005988231822679725
SPY,2024-10-14,574.05303756598,0.00814507467163228,0.008178336036440161
SPY,2024-10-15,569.592808940313,-0.007800056727276683,-0.007769715224535099
SPY,2024-10-16,572.068530556322,0.004337057603802208,0.0043464762496121965
SPY,2024-10-17,572.117652016957,8.586270558641473e-05,8.586639189400825e-05
SPY,2024-10-18,574.318293453409,0.0038391052688711014,0.003846484073151355
SPY,2024-10-21,573.375161409215,-0.001643526418130925,-0.0016421765681932632
SPY,2024-10-22,573.070608353278,-0.0005312995540363019,-0.0005311584394212903
SPY,2024-10-23,567.834260649577,-0.009179353360713627,-0.009137351710895887
SPY,2024-10-24,569.062297165454,0.0021603319757499406,0.0021626671741718203
SPY,2024-10-25,568.865811322914,-0.0003453396449684121,-0.00034528002209709976
SPY,2024-10-28,570.62435961365,0.003086555253750234,0.0030913235700460906
SPY,2024-10-29,571.54784307359,0.0016170655510654441,0.0016183737065927027
SPY,2024-10-30,569.818767659235,-0.003029835849103435,-0.0030252505285586805
SPY,2024-10-31,558.648547510814,-0.019797799804858407,-0.01960311029120253
SPY,2024-11-01,561.006377621298,0.004211714775562925,0.0042205965109726636
SPY,2024-11-04,559.797989689675,-0.0021562878144916198,-0.002153964695992771
SPY,2024-11-05,566.566926965191,0.012019228694008177,0.0120917498815392
SPY,2024-11-06,580.654961875337,0.02456149638950933,0.024865614704353462
SPY,2024-11-07,585.144663377384,0.007702393449837253,0.007732133188953729
SPY,2024-11-08,587.679330746155,0.0043223387782891365,0.004331693557865193
SPY,2024-11-11,588.239315397395,0.0009524208080327057,0.0009528745047559134
SPY,2024-11-12,586.41199706177,-0.003111254872430358,-0.003106419934530468
SPY,2024-11-13,586.696901533453,0.00048572554112524813,0.00048584352487765416
SPY,2024-11-14,582.924373356678,-0.006450876604581879,-0.006430114368960808
SPY,2024-11-15,575.457911340144,-0.01289136672324176,-0.012808628971095287
SPY,2024-11-18,577.815741450628,0.004088940018544207,0.004097311139563599
SPY,2024-11-19,579.927964257937,0.0036488648401933332,0.0036555300518572803
SPY,2024-11-20,580.124450100478,0.00033875339077482636,0.0003388107741837732
SPY,2024-11-21,583.238750704743,0.005353973791504707,0.0053683319220997165
SPY,2024-11-22,585.046420456114,0.0030945718366881536,0.0030993649670683797
SPY,2024-11-25,587.030927465772,0.0033863104846361125,0.003392050511326749
SPY,2024-11-26,590.096106609402,0.005207910417136752,0.005221495155054983
SPY,2024-11-27,588.308085442285,-0.003034650676482009,-0.003030050778322668
SPY,2024-11-29,591.962722113536,0.006192897982499446,0.006212113621561788
SPY,2024-12-02,593.023745663254,0.0017907779744641417,0.0017923823749065666
SPY,2024-12-03,593.29882584281,0.00046375276184296155,0.00046386031177944446
SPY,2024-12-04,596.982935390442,0.006190334813619636,0.006209534533291173
SPY,2024-12-05,596.00050617774,-0.0016470126919658767,-0.0016456571108844598
SPY,2024-12-06,597.130299772348,0.0018938307965052914,0.0018956252266522455
SPY,2024-12-09,594.055296336591,-0.005162940647359449,-0.005149635576907336
SPY,2024-12-10,592.208329416711,-0.003113925728167821,-0.0031090824899128095
SPY,2024-12-11,596.786449547902,0.007700862673178044,0.0077305905773060535
SPY,2024-12-12,593.711446112145,-0.005165923073789713,-0.00515260264050297
SPY,2024-12-13,593.593554606621,-0.00019858672512995668,-0.00019856700809136278
SPY,2024-12-16,596.128221975392,0.0042609478174551185,0.004270038562751502
SPY,2024-12-17,593.672148943637,-0.004128552285610709,-0.004120041530018923
SPY,2024-12-18,575.978598822875,-0.03025672399934365,-0.029803571133066243
SPY,2024-12-19,575.801761564589,-0.0003070676767160663,-0.00030702053626196417
SPY,2024-12-20,582.694040862902,0.011898809822270984,0.01196988227265074
SPY,2024-12-23,586.183403807425,0.005970469061106876,0.005988327835574832
SPY,2024-12-24,592.698852695361,0.011053716675292868,0.011115034723972687
SPY,2024-12-26,592.738280525243,6.65203219831767e-05,6.652253450924223e-05
SPY,2024-12-27,586.498826446477,-0.010582286240419236,-0.010526490837131442
SPY,2024-12-30,579.805952324073,-0.011477184545126917,-0.01141157291474094
SPY,2024-12-31,577.696563425407,-0.0036447285514560335,-0.0036380945904587562
SPY,2025-01-02,576.277161549669,-0.0024600258408620235,-0.0024570024570022887
SPY,2025-01-03,583.482597460534,0.012425898668003477,0.012503420908593308
SPY,2025-01-06,586.843819957942,0.005744092740667561,0.005760621674128581
SPY,2025-01-07,580.21008758036,-0.011368461698192611,-0.011304084923408399
SPY,2025-01-08,581.057785922815,0.0014599534050097063,0.0014610196558115256
SPY,2025-01-10,572.186524199452,-0.015385181844416174,-0.015267434562078812
SPY,2025-01-13,573.073650371788,0.0015492136537416101,0.0015504143051552851
SPY,2025-01-14,573.86220696942,0.0013750668214536077,0.0013760126593159964
SPY,2025-01-15,584.300724930577,0.018026480285188384,0.018189937992751024
SPY,2025-01-16,583.177031778951,-0.0019249934179290662,-0.0019231418064036593
SPY,2025-01-17,589.032064516371,0.009989824253257673,0.010039889121763722
SPY,2025-01-21,594.423820252682,0.009111945972826163,0.009153586130727939
SPY,2025-01-22,597.765328835149,0.005605683184129795,0.0056214244258356826
SPY,2025-01-23,601.027981757852,0.005443241882647776,0.005458083239890826
SPY,2025-01-24,599.27344332812,-0.0029234984524881824,-0.0029192291922921438
SPY,2025-01-27,590.796459903573,-0.01424643506357448,-0.014145434807638604
SPY,2025-01-28,595.872793000831,0.008555651121952224,0.008592355306405489
SPY,2025-01-29,593.201557526352,-0.004492973827813884,-0.0044828955204124655
SPY,2025-01-30,596.385354789292,0.0053527906736681174,0.005367142453597867
SPY,2025-01-31,593.211414483822,-0.005336174271618255,-0.0053219621843186415
SPY,2025-02-03,589.219346708309,-0.006752332693606533,-0.006729586919676233
SPY,2025-02-04,593.171986653941,0.006685865428710969,0.006708265720929752
SPY,2025-02-05,595.577084276719,0.004046440015444297,0.004054637907540276
SPY,2025-02-06,597.647045345504,0.0034695294770701324,0.0034755552613291167
SPY,2025-02-07,592.17643394943,-0.009195733722667576,-0.009153582266789912
SPY,2025-02-10,596.198072597354,0.006768327624749659,0.006791284518200533
SPY,2025-02-11,596.651492640993,0.0007602300888400748,0.0007605191369767997
SPY,2025-02-12,594.729385934264,-0.003226689984649589,-0.0032214898151365556
SPY,2025-02-13,601.008267842911,0.010502202720036102,0.010557544417926272
SPY,2025-02-14,600.9786969705,-4.9203316312862455e-05,-4.920210584978024e-05
SPY,2025-02-18,602.743092357702,0.002931568849978028,0.0029358701000489302
SPY,2025-02-19,604.16249423344,0.0023521351560811254,0.002354903596133873
SPY,2025-02-20,601.648970078488,-0.004169022886116203,-0.004160344574419842
SPY,2025-02-21,591.358306479386,-0.017252063817900343,-0.017104099085816664
SPY,2025-02-24,588.667357089966,-0.0045608398818615115,-0.004550455045504273
SPY,2025-02-25,585.739840721256,-0.004985532169611062,-0.0049731250313963275
SPY,2025-02-26,586.035549445368,0.0005047191345219915,0.0005048465266557976
SPY,2025-02-27,576.681296805956,-0.016090683633894542,-0.015961920139938662
SPY,2025-02-28,585.680698976434,0.015484990096299,0.015605503803093074
SPY,2025-03-03,575.419606249744,-0.01767523412309213,-0.017519943451479277
SPY,2025-03-04,568.608448637695,-0.01190746688596711,-0.01183685355533889
SPY,2025-03-05,574.719762269345,0.010690494254774308,0.010747841764032554
SPY,2025-03-06,564.517811287478,-0.017910616610669727,-0.017751174836207854
SPY,2025-03-07,567.681894635477,0.00558928176473561,0.005604930942360728
SPY,2025-03-10,552.561321875878,-0.026996800128128662,-0.026635643839422237
SPY,2025-03-11,547.96797969467,-0.008347563026847027,-0.00831281886617421
SPY,2025-03-12,550.875782148439,0.005292488963655195,0.005306518923586122
SPY,2025-03-13,543.532348832989,-0.013420118728423525,-0.013330470413512013
SPY,2025-03-14,554.759423391778,0.02044532414242628,0.02065576148851952
SPY,2025-03-17,559.037342933933,0.007681725621321078,0.007711305769264777
SPY,2025-03-18,552.995028004576,-0.010867263493937074,-0.010808428105438821
SPY,2025-03-19,559.017629018992,0.010831998832649958,0.010890877330575416
SPY,2025-03-20,557.401087993846,-0.002895942409902652,-0.002891753213548681
SPY,2025-03-21,557.583962154403,0.0003280298012473537,0.0003280836089058146
SPY,2025-03-24,567.56941911699,0.017749969553982226,0.017908436469379486
SPY,2025-03-25,568.933768682175,0.0024009615375382154,0.002403846153845967
SPY,2025-03-26,562.141680629406,-0.012010108961596266,-0.011938275466583024
SPY,2025-03-27,560.648805380544,-0.002659224756888179,-0.0026556921507590106
SPY,2025-03-28,549.358318399085,-0.020343790839198128,-0.020138252098469263
SPY,2025-03-31,553.046016861505,0.006690307901811465,0.0067127380052541185
SPY,2025-04-01,554.608098247732,0.002820523844935252,0.00282450526466434
SPY,2025-04-02,558.117838071215,0.006308384388827193,0.006328324152806267
SPY,2025-04-03,530.613341764368,-0.05053653336302322,-0.049280804931623616
SPY,2025-04-04,499.549672678777,-0.06032654811550753,-0.05854294764300444
SPY,2025-04-07,498.659879484091,-0.001782778833216092,-0.0017811906269792272
SPY,2025-04-08,490.84947255296,-0.01578675153398912,-0.015662793925213293
SPY,2025-04-09,542.39815829843,0.09986283357347236,0.10501933612632773
SPY,2025-04-10,518.630793409264,-0.04480809185268875,-0.04381903685611158
SPY,2025-04-11,527.884642633998,0.017685530675971783,0.017842845705136536
SPY,2025-04-14,533.005896798968,0.009654707541135288,0.0097014645840355
SPY,2025-04-15,531.513021550106,-0.002804790411545355,-0.0028008606618193845
SPY,2025-04-16,519.698545242887,-0.02247877432008938,-0.02222800915161637
SPY,2025-04-17,520.440039571792,0.001425760884826488,0.0014267777650954282
SPY,2025-04-21,508.052140983554,-0.024090601627744235,-0.02380273930966286
SPY,2025-04-22,521.270513220166,0.025685044195475015,0.0260177473340081
SPY,2025-04-23,529.347858109703,0.015376666278089424,0.015495495495494171
SPY,2025-04-24,540.490046225382,0.02083042852910033,0.02104889619364414
SPY,2025-04-25,544.395249690947,0.007199323924034218,0.007225301359086584
SPY,2025-04-28,544.602868103041,0.0003813016959659521,0.0003813744006985217
SPY,2025-04-29,548.033515198108,0.006279597533052517,0.006299355541436315
SPY,2025-04-30,548.251020201253,0.00039680392995666836,0.0003968826670506951
SPY,2025-05-01,552.136450484715,0.007061960508590204,0.00708695495365564
SPY,2025-05-02,560.332434466877,0.014735031938351462,0.014844127706053001
SPY,2025-05-05,557.119292374956,-0.005750854144729978,-0.005734349636529785
SPY,2025-05-06,552.462707989433,-0.008393452168488302,-0.008358325495554602
SPY,2025-05-07,554.786056886669,0.0041966220794584785,0.00420544022906323
SPY,2025-05-08,558.651713988026,0.006943670736183627,0.006967833912499821
SPY,2025-05-09,557.939879432278,-0.0012750134541148483,-0.0012742009698073038
SPY,2025-05-12,576.37837174438,0.03251312680038776,0.03304745366268468
SPY,2025-05-13,580.184709299426,0.006582176726722011,0.006603886859123926
SPY,2025-05-14,580.92620362833,0.0012772155036131494,0.0012780314906942721
SPY,2025-05-15,583.763655260273,0.004872468363891436,0.004884358140880875
SPY,2025-05-16,587.461240313746,0.006314068889559543,0.006334044643160198
SPY,2025-05-19,588.10386873213,0.0010933098940268948,0.0010939077751594018
SPY,2025-05-20,586.126550521717,-0.0033678570184552115,-0.0033621921492809673
SPY,2025-05-21,576.249846060703,-0.016994395612416113,-0.016850805431391332
SPY,2025-05-22,576.477237654901,0.0003945280723591793,0.00039460590879545525
SPY,2025-05-23,572.542374416179,-0.006849106106617597,-0.006825704436707727
SPY,2025-05-27,584.445830042866,0.02057735005171768,0.02079052338933854
SPY,2025-05-28,581.064615903059,-0.005802133541072507,-0.005785333671657753
SPY,2025-05-29,583.358305027138,0.003939620303706981,0.003947390808704314
SPY,2025-05-30,582.705790017702,-0.0011191753186095,-0.001118549275484552
SPY,2025-06-02,585.988138246988,0.0056171368402759825,0.005632942533806372
SPY,2025-06-03,589.329806022586,0.005686421782969298,0.005702620168378789
SPY,2025-06-04,589.171620565753,-0.00026845187322521724,-0.00026841584324514936
SPY,2025-06-05,586.324282342758,-0.004844498027883226,-0.004832782373768764
SPY,2025-06-06,592.345216293466,0.010216581202681319,0.010268948655256698
SPY,2025-06-09,592.879092210278,0.0009008859320367435,0.0009012918516548114
SPY,2025-06-10,596.24053316798,0.005653678300714837,0.0056696905016001215
SPY,2025-06-11,594.540039507025,-0.002856101041503578,-0.002852026265171564
SPY,2025-06-12,596.902934768469,0.003966448097568964,0.003974324863642914
SPY,2025-06-13,590.229485808324,-0.011243091574181463,-0.011180124223603597
SPY,2025-06-16,595.845069525898,0.0094692625404873,0.00951423785594762
SPY,2025-06-17,590.753475134084,-0.008581884182841115,-0.00854516492997957
SPY,2025-06-18,590.664495814615,-0.0001506313968899775,-0.00015062005255052965
SPY,2025-06-20,589.281477399546,-0.002344207412555477,-0.002341461904124679
SPY,2025-06-23,595.102104498448,0.009829035202201908,0.009877498822104536
SPY,2025-06-24,601.676339194482,0.010986663170780453,0.011047238190452575
SPY,2025-06-25,602.013479435304,0.0005601779535231444,0.0005603348824940815
SPY,2025-06-26,606.72352691738,0.007793376552053033,0.007823823955726165
SPY,2025-06-27,609.737957305908,0.004956073986436493,0.004968375635346838
SPY,2025-06-30,612.653228800077,0.0047697939160533664,0.004781187490852592
SPY,2025-07-01,612.454911011358,-0.0003237555673765158,-0.0003237031641984951
SPY,2025-07-02,615.231360053424,0.004523067237806266,0.004533311746135268
SPY,2025-07-03,620.080229987602,0.007850480601412357,0.007881376420338707
SPY,2025-07-07,615.45942551045,-0.007479850606759264,-0.007451946141299114
SPY,2025-07-08,615.122285269628,-0.0005479363886262689,-0.0005477862988975946
SPY,2025-07-09,618.810996139801,0.005978802766440694,0.005996711480801023
SPY,2025-07-10,620.556192680528,0.002816272223365779,0.0028202416434319577
SPY,2025-07-11,618.374697004619,-0.00352158130620861,-0.0035153878111924223
SPY,2025-07-14,619.554687847497,0.001906395008780315,0.0019082133350440784
SPY,2025-07-15,616.907145368099,-0.004282455720792555,-0.004273299082920811
SPY,2025-07-16,618.969650370776,0.0033377225376307607,0.0033432989359303113
SPY,2025-07-17,622.757520135308,0.006100988371447791,0.006119637307359146
SPY,2025-07-18,622.301389221255,-0.0007327057877049015,-0.0007324374243668723
SPY,2025-07-21,623.481380064133,0.0018943771335626636,0.0018961725995093417
SPY,2025-07-22,623.570623069056,0.00014312635696267506,0.00014313660002775346
SPY,2025-07-23,628.875623917289,0.008471473466356905,0.008507457939764956
SPY,2025-07-24,629.083857595444,0.0003310657984094689,0.0003311206067392405
SPY,2025-07-25,631.741315964278,0.004215433447535943,0.004224330884902436
SPY,2025-07-28,631.582661733303,-0.00025116950934211957,-0.0002511379689214028
SPY,2025-07-29,629.916792308063,-0.0026410957028053517,-0.002637611077967524
SPY,2025-07-30,629.123521153188,-0.0012601205082374278,-0.0012593268897760433
SPY,2025-07-31,626.763539467432,-0.003758274987579746,-0.0037512215112067873
SPY,2025-08-01,616.490678011789,-0.016526137799781182,-0.01639033033793251
SPY,2025-08-04,625.86119352876,0.0150854092703403,0.015199768384481359
SPY,2025-08-05,622.688108909257,-0.005082845258532309,-0.005069949458940536
SPY,2025-08-06,627.457651727948,0.007630415764893428,0.007659601573323177
SPY,2025-08-07,626.932109587843,-0.0008379248413241669,-0.0008375738803371558
SPY,2025-08-08,631.820643079765,0.007767304673703457,0.007797548438116832
SPY,2025-08-11,630.571241010836,-0.0019794209589205636,-0.001977463197211804
SPY,2025-08-12,637.284298158973,0.010589723632380199,0.010645993206692397
SPY,2025-08-13,639.465793834882,0.00341726671882725,0.0034231122314028967
SPY,2025-08-14,639.525289171498,9.303479508115942e-05,9.303912295169966e-05
SPY,2025-08-15,638.027989866669,-0.002344011815332614,-0.0023412667648666638
SPY,2025-08-18,637.889167414566,-0.0002176041788581884,-0.00021758050478633379
SPY,2025-08-19,634.42852200142,-0.005439921139344328,-0.005425151562257141
SPY,2025-08-20,632.742820797309,-0.0026605750012667073,-0.0026570388083957904
SPY,2025-08-21,630.204353101706,-0.00401991653566558,-0.004011847487110674
SPY,2025-08-22,639.882261191192,0.015240055749260684,0.015356777594210152
SPY,2025-08-25,637.066148591382,-0.004410698417702363,-0.004400985572826487
SPY,2025-08-26,639.733522849652,0.00417822497674436,0.004186965928369977
SPY,2025-08-27,641.191158596737,0.002275912701791505,0.0022785045570099553
SPY,2025-08-28,643.461897277569,0.0035351817914257566,0.003541437916582732
SPY,2025-08-29,639.624448065857,-0.005981609371052521,-0.005963755162423707
SPY,2025-09-02,634.884652915474,-0.0074378707816649126,-0.007410278273001465
SPY,2025-09-03,638.325466549748,0.0054049554872293015,0.005419588611054391
SPY,2025-09-04,643.660215066288,0.008322681581426572,0.008357411377263669
SPY,2025-09-05,641.79602785233,-0.0029004309265294737,-0.002896228740448059
SPY,2025-09-08,643.372654272645,0.002453572411446281,0.002456584883504164
SPY,2025-09-09,644.860037688038,0.002309185422184612,0.002311853644253046
SPY,2025-09-10,646.724224901996,0.0028866695924598673,0.002890840035058575
SPY,2025-09-11,652.09863697628,0.008275867181647634,0.008310206835221679
SPY,2025-09-12,651.880487408689,-0.0003345905859175602,-0.0003345346167299963
SPY,2025-09-15,655.351048711271,0.0053098006906386885,0.005323922666220584
SPY,2025-09-16,654.4487027726,-0.0013778382235960507,-0.001376889440316713
SPY,2025-09-17,653.635599838852,-0.0012431966912958003,-0.0012424242424244746
SPY,2025-09-18,656.689693785124,0.0046615897467487954,0.004672471858975956
SPY,2025-09-19,659.933294260763,0.004927161483794684,0.004939319904570284
SPY,2025-09-22,663.055473775572,0.004719896927950273,0.004731053186680552
SPY,2025-09-23,659.446075164503,-0.0054584549647023195,-0.005443584667986108
SPY,2025-09-24,657.348050076526,-0.003186567775594895,-0.0031814960570561517
SPY,2025-09-25,654.315359783479,-0.004624198059199891,-0.004613522916351348
SPY,2025-09-26,658.063963850622,0.00571269936100105,0.005729047944684427
SPY,2025-09-29,659.913407767038,0.002806489959773728,0.002810431839473644
SPY,2025-09-30,662.39921948265,0.0037597986931210414,0.003766875602699482
SPY,2025-10-01,664.656336520426,0.003401695134902738,0.0034074874658500255
SPY,2025-10-02,665.421966528835,0.0011512556685069342,0.001151918617698355
SPY,2025-10-03,665.412023281972,-1.4942880838475503e-05,-1.494276919486139e-05
SPY,2025-10-06,667.79840252896,0.0035799026910998677,0.003586318196082165
SPY,2025-10-07,665.32253406021,-0.003714398667631791,-0.0037075088220843017
SPY,2025-10-08,669.289889558327,0.00594534729952656,0.00596305595408844
SPY,2025-10-09,667.35095642015,-0.0029012049182979283,-0.002897000490260599
SPY,2025-10-10,649.313906611667,-0.0273998019427264,-0.0270278324095595
SPY,2025-10-13,659.277039967841,0.015227563512238085,0.015344093595907889
SPY,2025-10-14,658.471636971983,-0.0012223925703604976,-0.0012216457528951563
SPY,2025-10-15,661.394951549543,0.004429719462844872,0.004439545173126921
SPY,2025-10-16,656.890660720853,-0.006833584945712623,-0.00681028909902789
SPY,2025-10-17,660.619378294272,0.005660264314098384,0.0056763138774528895
SPY,2025-10-20,667.490161876224,0.01034680449282721,0.01040051776817753
SPY,2025-10-21,667.480218629362,-1.4896580490031397e-05,-1.4896469536058583e-05
SPY,2025-10-22,664.010025474367,-0.005212506854661569,-0.005198945314245892
SPY,2025-10-23,667.947551231897,0.005912406365753853,0.0059299191374664155
SPY,2025-10-24,673.406393759381,0.008139347089895388,0.008172561629152187
SPY,2025-10-27,681.351048002478,0.011728660897053267,0.01179771133259508
SPY,2025-10-28,683.160718931444,0.002652482791045685,0.0026560037359175843
SPY,2025-10-29,683.488846077905,0.0004801920860586506,0.0004803073967342239
SPY,2025-10-30,675.971751449893,-0.011059049824418743,-0.010998123336097919
SPY,2025-10-31,678.18909550022,0.003274863598401012,0.003280231822662772
SPY,2025-11-03,679.461831098613,0.0018749090009713143,0.0018766677418400673
SPY,2025-11-04,671.407801140029,-0.011924356281126869,-0.011853542892264368
SPY,2025-11-05,673.734520905842,0.0034594437304455994,0.0034654345121732065
SPY,2025-11-06,666.505780436842,-0.01078733501788065,-0.01072936037073023
SPY,2025-11-07,667.162034729763,0.0009841346374628301,0.0009846190568533993
SPY,2025-11-10,677.572614194748,0.015483779591687785,0.015604274408692635
SPY,2025-11-11,679.12376070529,0.0022866533958865176,0.0022892697816387763
SPY,2025-11-12,679.501604086063,0.0005562142446420282,0.0005563689604684333
SPY,2025-11-13,668.225962144045,-0.01673321125423044,-0.016593988703211274
SPY,2025-11-14,668.116586428558,-0.00016369413044348136,-0.00016368073328973552
SPY,2025-11-17,661.892113892665,-0.00936011618432353,-0.009316446653668901
SPY,2025-11-18,656.333838896556,-0.008433012450346666,-0.008397554343743528
SPY,2025-11-19,658.869366846481,0.003855725229499285,0.0038631681008367874
SPY,2025-11-20,648.826687515407,-0.015359649874154613,-0.01524229207853569
SPY,2025-11-21,655.289797975999,0.009911941835397009,0.009961227836267982
SPY,2025-11-24,664.934747432575,0.014611334234121642,0.014718601581111844
SPY,2025-11-25,671.189049709055,0.009361928842259282,0.009405888774242699
SPY,2025-11-26,675.822602746957,0.006879779110255058,0.006903499155581575
SPY,2025-11-28,679.511547332925,0.005443607681907103,0.005458451035780481
SPY,2025-12-01,676.409254311841,-0.004575928668685947,-0.004565475058165701
SPY,2025-12-02,677.66210341651,0.001850492523945313,0.0018522057418384457
SPY,2025-12-03,680.008709676048,0.0034568152657525886,0.0034627969421741904
SPY,2025-12-04,680.50587201917,0.0007308445965081845,0.000731111728493661
SPY,2025-12-05,681.798494111289,0.001897699973924638,0.0018995017460811722
SPY,2025-12-08,679.750185257624,-0.0030087949552655147,-0.0030042730680050348
SPY,2025-12-09,679.16353369274,-0.0008634125818991478,-0.0008630399485094817
SPY,2025-12-10,683.667824521429,0.006610219529772365,0.0066321152494721635
SPY,2025-12-11,685.258744019421,0.0023243324379853547,0.0023270357927194277
SPY,2025-12-12,677.890798094346,-0.010810285225808514,-0.010752064077078271
SPY,2025-12-15,676.866643667514,-0.0015119379903136831,-0.0015107955878896858
SPY,2025-12-16,675.017199751098,-0.002736100559530108,-0.002732360847913925
SPY,2025-12-17,667.589594344849,-0.011064566655822894,-0.011003579477660399
SPY,2025-12-18,672.63082050411,0.007523016183593967,0.0075513851653249385
SPY,2025-12-19,678.70949322261,0.00899656978552077,0.009037160554052933
SPY,2025-12-22,682.937777874551,0.006210563238338018,0.006229888772977745
SPY,2025-12-23,686.059129516195,0.0045600644291043935,0.004570477344741837
SPY,2025-12-24,688.472442926029,0.0035114739275368123,0.0035176463747896964
SPY,2025-12-26,688.402636339794,-0.00010139857616131565,-0.00010139343549952057
SPY,2025-12-29,685.949433452112,-0.0035699811526619385,-0.0035636163462789048
SPY,2025-12-30,685.111754417293,-0.0012219427498374458,-0.0012211964817920391
SPY,2025-12-31,680.035818361073,-0.00743649924691514,-0.00740891690077228
